WKT,name,description
"POLYGON ((106.7787495 -6.3179983, 106.7787495 -6.3265291, 106.7761746 -6.3323301, 106.7761746 -6.3355717, 106.7727414 -6.3381309, 106.7735997 -6.3502442, 106.7696515 -6.3531445, 106.7705098 -6.3568979, 106.7598668 -6.3580921, 106.7581502 -6.361163, 106.7310277 -6.3601394, 106.7275944 -6.370205, 106.7356625 -6.3775408, 106.7346325 -6.3997182, 106.730856 -6.4297414, 106.7344609 -6.4343471, 106.7329159 -6.4399762, 106.751112 -6.4398057, 106.7517987 -6.4358823, 106.7741147 -6.4391233, 106.7854443 -6.4382704, 106.7866459 -6.4346883, 106.7837277 -6.4331531, 106.7905942 -6.4331531, 106.7907658 -6.4421937, 106.8299046 -6.4409997, 106.8307629 -6.4481639, 106.8396893 -6.4479933, 106.8511906 -6.4495285, 106.8565121 -6.4360529, 106.8602887 -6.4358823, 106.8571988 -6.4570338, 106.8750516 -6.4566926, 106.8882695 -6.4367352, 106.8862095 -6.4334942, 106.8918744 -6.4341765, 106.8894711 -6.412683, 106.9056073 -6.4123418, 106.9272366 -6.4135359, 106.92449 -6.387606, 106.9181386 -6.3652575, 106.9085255 -6.3618454, 106.9050923 -6.3708874, 106.8850079 -6.3712286, 106.87076 -6.3563861, 106.861147 -6.3570685, 106.8582287 -6.3574097, 106.8501607 -6.3410313, 106.8390027 -6.3437611, 106.8376294 -6.3609924, 106.8163434 -6.3563861, 106.8135968 -6.3678166, 106.7895642 -6.3671341, 106.8055287 -6.3200457, 106.7787495 -6.3179983))",Depok, Jawa Barat,
